season,teams,uid,name,round,pick,slot,pos,player,team,yrs,adp,reach,keeper,is_rookie
2025,12,870541479918137344,pbrady98,1,1,1,RB,Saquon Barkley,PHI,7.0,2.3,1.2999999999999998,False,False
2025,12,872219290496073728,glavoile,1,2,2,WR,Ja'Marr Chase,CIN,4.0,1.5,-0.5,False,False
2025,12,1004922637862244352,coochiemoocher22,1,3,3,RB,Jahmyr Gibbs,DET,2.0,4.0,1.0,False,False
2025,12,1260598086711910400,chaguy2457,1,4,4,RB,Bijan Robinson,ATL,2.0,2.3,-1.7000000000000002,False,False
2025,12,1134983994533257216,sallymcbride,1,5,5,WR,Justin Jefferson,MIN,5.0,5.9,0.9000000000000004,False,False
2025,12,1004918448805220352,clyvejohnson,1,6,6,RB,Derrick Henry,BAL,9.0,5.7,-0.2999999999999998,False,False
2025,12,1135334629814390784,reijcage,1,7,7,WR,CeeDee Lamb,DAL,5.0,6.6,-0.40000000000000036,False,False
2025,12,1004814445714989056,Kejjeh,1,8,8,RB,Ashton Jeanty,LV,0.0,9.2,1.1999999999999993,False,True
2025,12,997359461993861120,MaxSchussler,1,9,9,WR,Malik Nabers,NYG,1.0,11.0,2.0,False,False
2025,12,740683031072927744,mikedonutgang200,1,10,10,WR,Amon-Ra St. Brown,DET,4.0,16.3,6.300000000000001,False,False
2025,12,863518631005401088,LaisterSmith,1,11,11,WR,Puka Nacua,LAR,2.0,12.9,1.9000000000000004,False,False
2025,12,1004927679440805888,bogeman,1,12,12,RB,Christian McCaffrey,SF,8.0,7.0,-5.0,False,False
2025,12,1004927679440805888,bogeman,2,13,12,WR,Nico Collins,HOU,4.0,10.2,-2.8000000000000007,False,False
2025,12,863518631005401088,LaisterSmith,2,14,11,RB,Josh Jacobs,GB,6.0,12.5,-1.5,False,False
2025,12,740683031072927744,mikedonutgang200,2,15,10,RB,Jonathan Taylor,IND,5.0,14.2,-0.8000000000000007,False,False
2025,12,997359461993861120,MaxSchussler,2,16,9,WR,Drake London,ATL,3.0,18.3,2.3000000000000007,False,False
2025,12,1004814445714989056,Kejjeh,2,17,8,WR,Brian Thomas,JAX,1.0,13.9,-3.0999999999999996,False,False
2025,12,1135334629814390784,reijcage,2,18,7,RB,Bucky Irving,TB,1.0,19.7,1.6999999999999993,False,False
2025,12,1004918448805220352,clyvejohnson,2,19,6,RB,De'Von Achane,MIA,2.0,14.9,-4.1,False,False
2025,12,1134983994533257216,sallymcbride,2,20,5,WR,A.J. Brown,PHI,6.0,21.7,1.6999999999999993,False,False
2025,12,1260598086711910400,chaguy2457,2,21,4,TE,Brock Bowers,LV,1.0,33.6,12.600000000000001,False,False
2025,12,1004922637862244352,coochiemoocher22,2,22,3,RB,Kyren Williams,LAR,3.0,16.4,-5.600000000000001,False,False
2025,12,872219290496073728,glavoile,2,23,2,RB,Chase Brown,CIN,2.0,20.8,-2.1999999999999993,False,False
2025,12,870541479918137344,pbrady98,2,24,1,RB,Omarion Hampton,LAC,0.0,31.8,7.800000000000001,False,True
2025,12,870541479918137344,pbrady98,3,25,1,WR,Garrett Wilson,NYJ,3.0,44.0,19.0,False,False
2025,12,872219290496073728,glavoile,3,26,2,TE,Trey McBride,ARI,3.0,41.8,15.799999999999997,False,False
2025,12,1004922637862244352,coochiemoocher22,3,27,3,WR,Mike Evans,TB,11.0,30.5,3.5,False,False
2025,12,1260598086711910400,chaguy2457,3,28,4,WR,Ladd McConkey,LAC,1.0,26.4,-1.6000000000000014,False,False
2025,12,1134983994533257216,sallymcbride,3,29,5,QB,Josh Allen,BUF,7.0,23.1,-5.899999999999999,False,False
2025,12,1004918448805220352,clyvejohnson,3,30,6,WR,Tyreek Hill,MIA,9.0,29.5,-0.5,False,False
2025,12,1135334629814390784,reijcage,3,31,7,RB,James Cook,BUF,3.0,29.2,-1.8000000000000007,False,False
2025,12,1004814445714989056,Kejjeh,3,32,8,QB,Lamar Jackson,BAL,7.0,20.7,-11.3,False,False
2025,12,997359461993861120,MaxSchussler,3,33,9,RB,Kenneth Walker,SEA,3.0,43.4,10.399999999999999,False,False
2025,12,740683031072927744,mikedonutgang200,3,34,10,WR,Tee Higgins,CIN,5.0,25.1,-8.899999999999999,False,False
2025,12,863518631005401088,LaisterSmith,3,35,11,QB,Jayden Daniels,WAS,1.0,27.4,-7.600000000000001,False,False
2025,12,1004927679440805888,bogeman,3,36,12,QB,Jalen Hurts,PHI,5.0,33.7,-2.299999999999997,False,False
2025,12,1004927679440805888,bogeman,4,37,12,WR,Terry McLaurin,WAS,6.0,35.3,-1.7000000000000028,False,False
2025,12,863518631005401088,LaisterSmith,4,38,11,WR,Marvin Harrison,ARI,1.0,34.5,-3.5,False,False
2025,12,740683031072927744,mikedonutgang200,4,39,10,RB,Alvin Kamara,NO,8.0,39.4,0.3999999999999986,False,False
2025,12,997359461993861120,MaxSchussler,4,40,9,TE,George Kittle,SF,8.0,45.8,5.799999999999997,False,False
2025,12,1004814445714989056,Kejjeh,4,41,8,RB,James Conner,ARI,8.0,39.4,-1.6000000000000014,False,False
2025,12,1135334629814390784,reijcage,4,42,7,WR,Jaxon Smith-Njigba,SEA,2.0,39.5,-2.5,False,False
2025,12,1004918448805220352,clyvejohnson,4,43,6,QB,Joe Burrow,CIN,5.0,28.0,-15.0,False,False
2025,12,1134983994533257216,sallymcbride,4,44,5,RB,Chuba Hubbard,CAR,4.0,37.8,-6.200000000000003,False,False
2025,12,1260598086711910400,chaguy2457,4,45,4,RB,Breece Hall,NYJ,3.0,46.3,1.2999999999999972,False,False
2025,12,1004922637862244352,coochiemoocher22,4,46,3,RB,Tony Pollard,TEN,6.0,55.4,9.399999999999999,False,False
2025,12,872219290496073728,glavoile,4,47,2,RB,TreVeyon Henderson,NE,0.0,47.6,0.6000000000000014,False,True
2025,12,870541479918137344,pbrady98,4,48,1,WR,DK Metcalf,PIT,6.0,33.6,-14.399999999999999,False,False
2025,12,870541479918137344,pbrady98,5,49,1,TE,Sam LaPorta,DET,2.0,67.0,18.0,False,False
2025,12,872219290496073728,glavoile,5,50,2,QB,Patrick Mahomes,KC,8.0,57.9,7.899999999999999,False,False
2025,12,1004922637862244352,coochiemoocher22,5,51,3,WR,Courtland Sutton,DEN,7.0,47.5,-3.5,False,False
2025,12,1260598086711910400,chaguy2457,5,52,4,WR,DJ Moore,CHI,7.0,46.6,-5.399999999999999,False,False
2025,12,1134983994533257216,sallymcbride,5,53,5,WR,Davante Adams,LAR,11.0,29.0,-24.0,False,False
2025,12,1004918448805220352,clyvejohnson,5,54,6,WR,Jameson Williams,DET,3.0,53.1,-0.8999999999999986,False,False
2025,12,1135334629814390784,reijcage,5,55,7,WR,Xavier Worthy,KC,1.0,45.6,-9.399999999999999,False,False
2025,12,1004814445714989056,Kejjeh,5,56,8,WR,Tetairoa McMillan,CAR,0.0,49.7,-6.299999999999997,False,True
2025,12,997359461993861120,MaxSchussler,5,57,9,RB,RJ Harvey,DEN,0.0,60.8,3.799999999999997,False,True
2025,12,740683031072927744,mikedonutgang200,5,58,10,WR,DeVonta Smith,PHI,4.0,49.9,-8.100000000000001,False,False
2025,12,863518631005401088,LaisterSmith,5,59,11,RB,Isiah Pacheco,KC,3.0,63.4,4.399999999999999,False,False
2025,12,1004927679440805888,bogeman,5,60,12,WR,Zay Flowers,BAL,2.0,62.0,2.0,False,False
2025,12,1004927679440805888,bogeman,6,61,12,RB,Aaron Jones,MIN,8.0,63.3,2.299999999999997,False,False
2025,12,863518631005401088,LaisterSmith,6,62,11,WR,George Pickens,DAL,3.0,62.0,0.0,False,False
2025,12,740683031072927744,mikedonutgang200,6,63,10,TE,Travis Kelce,KC,12.0,70.5,7.5,False,False
2025,12,997359461993861120,MaxSchussler,6,64,9,RB,David Montgomery,DET,6.0,58.9,-5.100000000000001,False,False
2025,12,1004814445714989056,Kejjeh,6,65,8,RB,D'Andre Swift,CHI,5.0,59.3,-5.700000000000003,False,False
2025,12,1135334629814390784,reijcage,6,66,7,QB,Baker Mayfield,TB,7.0,50.8,-15.200000000000003,False,False
2025,12,1004918448805220352,clyvejohnson,6,67,6,WR,Calvin Ridley,TEN,7.0,58.3,-8.700000000000003,False,False
2025,12,1134983994533257216,sallymcbride,6,68,5,TE,Mark Andrews,BAL,7.0,82.8,14.799999999999997,False,False
2025,12,1260598086711910400,chaguy2457,6,69,4,WR,Jaylen Waddle,MIA,4.0,66.5,-2.5,False,False
2025,12,1004922637862244352,coochiemoocher22,6,70,3,TE,Kyle Pitts,ATL,4.0,154.0,84.0,False,False
2025,12,872219290496073728,glavoile,6,71,2,TE,T.J. Hockenson,MIN,6.0,80.9,9.900000000000006,False,False
2025,12,870541479918137344,pbrady98,6,72,1,WR,Emeka Egbuka,TB,0.0,81.9,9.900000000000006,False,True
2025,12,870541479918137344,pbrady98,7,73,1,QB,Kyler Murray,ARI,6.0,82.5,9.5,False,False
2025,12,872219290496073728,glavoile,7,74,2,WR,Travis Hunter,JAX,0.0,70.8,-3.200000000000003,False,True
2025,12,1004922637862244352,coochiemoocher22,7,75,3,RB,Jaylen Warren,PIT,3.0,78.9,3.9000000000000057,False,False
2025,12,1260598086711910400,chaguy2457,7,76,4,RB,Kaleb Johnson,PIT,0.0,73.1,-2.9000000000000057,False,True
2025,12,1134983994533257216,sallymcbride,7,77,5,RB,Tyrone Tracy,NYG,1.0,73.4,-3.5999999999999943,False,False
2025,12,1004918448805220352,clyvejohnson,7,78,6,WR,Jerry Jeudy,CLE,5.0,60.1,-17.9,False,False
2025,12,1135334629814390784,reijcage,7,79,7,WR,Rome Odunze,CHI,1.0,78.9,-0.09999999999999432,False,False
2025,12,1004814445714989056,Kejjeh,7,80,8,TE,David Njoku,CLE,8.0,,,False,False
2025,12,997359461993861120,MaxSchussler,7,81,9,WR,Rashee Rice,KC,2.0,94.6,13.599999999999994,False,False
2025,12,740683031072927744,mikedonutgang200,7,82,10,QB,Jared Goff,DET,9.0,97.6,15.599999999999994,False,False
2025,12,863518631005401088,LaisterSmith,7,83,11,WR,Matthew Golden,GB,0.0,74.1,-8.900000000000006,False,True
2025,12,1004927679440805888,bogeman,7,84,12,WR,Cooper Kupp,SEA,8.0,93.6,9.599999999999994,False,False
2025,12,1004927679440805888,bogeman,8,85,12,WR,Khalil Shakir,BUF,3.0,85.8,0.7999999999999972,False,False
2025,12,863518631005401088,LaisterSmith,8,86,11,WR,Deebo Samuel,WAS,6.0,67.0,-19.0,False,False
2025,12,740683031072927744,mikedonutgang200,8,87,10,WR,Chris Olave,NO,3.0,74.6,-12.400000000000006,False,False
2025,12,997359461993861120,MaxSchussler,8,88,9,WR,Stefon Diggs,NE,10.0,81.0,-7.0,False,False
2025,12,1004814445714989056,Kejjeh,8,89,8,WR,Ricky Pearsall,SF,1.0,70.6,-18.400000000000006,False,False
2025,12,1135334629814390784,reijcage,8,90,7,TE,Evan Engram,DEN,8.0,115.1,25.099999999999994,False,False
2025,12,1004918448805220352,clyvejohnson,8,91,6,TE,Tucker Kraft,GB,2.0,99.1,8.099999999999994,False,False
2025,12,1134983994533257216,sallymcbride,8,92,5,RB,Travis Etienne,JAX,4.0,111.2,19.200000000000003,False,False
2025,12,1260598086711910400,chaguy2457,8,93,4,RB,J.K. Dobbins,DEN,5.0,90.6,-2.4000000000000057,False,False
2025,12,1004922637862244352,coochiemoocher22,8,94,3,WR,Jauan Jennings,SF,5.0,,,False,False
2025,12,872219290496073728,glavoile,8,95,2,WR,Jordan Addison,MIN,2.0,100.7,5.700000000000003,False,False
2025,12,870541479918137344,pbrady98,8,96,1,QB,Justin Fields,NYJ,4.0,114.8,18.799999999999997,False,False
2025,12,870541479918137344,pbrady98,9,97,1,WR,Marvin Mims,DEN,2.0,116.5,19.5,False,False
2025,12,872219290496073728,glavoile,9,98,2,RB,Zach Charbonnet,SEA,2.0,100.1,2.0999999999999943,False,False
2025,12,1004922637862244352,coochiemoocher22,9,99,3,RB,Tank Bigsby,JAX,2.0,127.3,28.299999999999997,False,False
2025,12,1260598086711910400,chaguy2457,9,100,4,WR,Jakobi Meyers,LV,6.0,79.0,-21.0,False,False
2025,12,1134983994533257216,sallymcbride,9,101,5,QB,Bo Nix,DEN,1.0,64.3,-36.7,False,False
2025,12,1004918448805220352,clyvejohnson,9,102,6,RB,Javonte Williams,DAL,4.0,117.0,15.0,False,False
2025,12,1135334629814390784,reijcage,9,103,7,RB,Jacory Croskey-Merritt,WAS,0.0,101.6,-1.4000000000000057,False,True
2025,12,1004814445714989056,Kejjeh,9,104,8,RB,Jordan Mason,MIN,3.0,93.3,-10.700000000000003,False,False
2025,12,997359461993861120,MaxSchussler,9,105,9,RB,Cam Skattebo,NYG,0.0,130.5,25.5,False,True
2025,12,740683031072927744,mikedonutgang200,9,106,10,RB,Quinshon Judkins,CLE,0.0,127.4,21.400000000000006,False,True
2025,12,863518631005401088,LaisterSmith,9,107,11,TE,Colston Loveland,CHI,0.0,147.2,40.19999999999999,False,True
2025,12,1004927679440805888,bogeman,9,108,12,RB,Austin Ekeler,WAS,8.0,89.2,-18.799999999999997,False,False
2025,12,1004927679440805888,bogeman,10,109,12,RB,Ollie Gordon,MIA,0.0,150.8,41.80000000000001,False,True
2025,12,863518631005401088,LaisterSmith,10,110,11,RB,Joe Mixon,HOU,8.0,135.5,25.5,False,False
2025,12,740683031072927744,mikedonutgang200,10,111,10,RB,Brian Robinson,SF,3.0,159.4,48.400000000000006,False,False
2025,12,997359461993861120,MaxSchussler,10,112,9,QB,Dak Prescott,DAL,9.0,83.9,-28.099999999999994,False,False
2025,12,1004814445714989056,Kejjeh,10,113,8,TE,Tyler Warren,IND,0.0,102.3,-10.700000000000003,False,True
2025,12,1135334629814390784,reijcage,10,114,7,WR,Michael Pittman,IND,5.0,87.0,-27.0,False,False
2025,12,1004918448805220352,clyvejohnson,10,115,6,WR,Josh Downs,IND,2.0,94.2,-20.799999999999997,False,False
2025,12,1134983994533257216,sallymcbride,10,116,5,WR,Chris Godwin,TB,8.0,104.2,-11.799999999999997,False,False
2025,12,1260598086711910400,chaguy2457,10,117,4,WR,Rashid Shaheed,NO,3.0,,,False,False
2025,12,1004922637862244352,coochiemoocher22,10,118,3,WR,Keenan Allen,LAC,12.0,115.0,-3.0,False,False
2025,12,872219290496073728,glavoile,10,119,2,WR,Keon Coleman,BUF,1.0,92.3,-26.700000000000003,False,False
2025,12,870541479918137344,pbrady98,10,120,1,WR,Jayden Reed,GB,2.0,104.3,-15.700000000000003,False,False
2025,12,870541479918137344,pbrady98,11,121,1,RB,Jaydon Blue,DAL,0.0,,,False,True
2025,12,872219290496073728,glavoile,11,122,2,QB,Justin Herbert,LAC,5.0,111.1,-10.900000000000006,False,False
2025,12,1004922637862244352,coochiemoocher22,11,123,3,QB,Jordan Love,GB,5.0,122.4,-0.5999999999999943,False,False
2025,12,1260598086711910400,chaguy2457,11,124,4,QB,Brock Purdy,SF,3.0,72.2,-51.8,False,False
2025,12,1134983994533257216,sallymcbride,11,125,5,K,Brandon Aubrey,DAL,2.0,136.0,11.0,False,False
2025,12,1004918448805220352,clyvejohnson,11,126,6,RB,Nick Chubb,HOU,7.0,127.5,1.5,False,False
2025,12,1135334629814390784,reijcage,11,127,7,RB,Jerome Ford,CLE,3.0,129.3,2.3000000000000114,False,False
2025,12,1004814445714989056,Kejjeh,11,128,8,WR,Darnell Mooney,ATL,5.0,,,False,False
2025,12,997359461993861120,MaxSchussler,11,129,9,WR,Jayden Higgins,HOU,0.0,124.4,-4.599999999999994,False,True
2025,12,740683031072927744,mikedonutgang200,11,130,10,RB,Rhamondre Stevenson,NE,4.0,117.2,-12.799999999999997,False,False
2025,12,863518631005401088,LaisterSmith,11,131,11,QB,C.J. Stroud,HOU,2.0,136.9,5.900000000000006,False,False
2025,12,1004927679440805888,bogeman,11,132,12,TE,Dallas Goedert,PHI,7.0,123.5,-8.5,False,False
2025,12,1004927679440805888,bogeman,12,133,12,RB,Braelon Allen,NYJ,1.0,154.0,21.0,False,False
2025,12,863518631005401088,LaisterSmith,12,134,11,RB,Trey Benson,ARI,1.0,135.1,1.0999999999999943,False,False
2025,12,740683031072927744,mikedonutgang200,12,135,10,RB,Najee Harris,LAC,4.0,153.1,18.099999999999994,False,False
2025,12,997359461993861120,MaxSchussler,12,136,9,TE,Dalton Kincaid,BUF,2.0,136.2,0.19999999999998863,False,False
2025,12,1004814445714989056,Kejjeh,12,137,8,RB,Ray Davis,BUF,1.0,,,False,False
2025,12,1135334629814390784,reijcage,12,138,7,WR,Christian Kirk,HOU,7.0,113.3,-24.700000000000003,False,False
2025,12,1004918448805220352,clyvejohnson,12,139,6,TE,Zach Ertz,WAS,12.0,,,False,False
2025,12,1134983994533257216,sallymcbride,12,140,5,TE,Jake Ferguson,DAL,3.0,124.2,-15.799999999999997,False,False
2025,12,1260598086711910400,chaguy2457,12,141,4,WR,Xavier Legette,CAR,1.0,133.0,-8.0,False,False
2025,12,1004922637862244352,coochiemoocher22,12,142,3,TE,Jonnu Smith,PIT,8.0,,,False,False
2025,12,872219290496073728,glavoile,12,143,2,WR,Rashod Bateman,BAL,4.0,120.8,-22.200000000000003,False,False
2025,12,870541479918137344,pbrady98,12,144,1,WR,Brandon Aiyuk,SF,5.0,149.6,5.599999999999994,False,False
2025,12,870541479918137344,pbrady98,13,145,1,WR,Hollywood Brown,KC,6.0,,,False,False
2025,12,872219290496073728,glavoile,13,146,2,WR,Joshua Palmer,BUF,4.0,136.9,-9.099999999999994,False,False
2025,12,1004922637862244352,coochiemoocher22,13,147,3,WR,Adam Thielen,MIN,12.0,152.3,5.300000000000011,False,False
2025,12,1260598086711910400,chaguy2457,13,148,4,K,Jake Bates,DET,2.0,,,False,False
2025,12,1134983994533257216,sallymcbride,13,149,5,DEF,Philadelphia Eagles,PHI,,,,False,False
2025,12,1004918448805220352,clyvejohnson,13,150,6,DEF,Baltimore Ravens,BAL,,,,False,False
2025,12,1135334629814390784,reijcage,13,151,7,DEF,Denver Broncos,DEN,,,,False,False
2025,12,1004814445714989056,Kejjeh,13,152,8,DEF,Pittsburgh Steelers,PIT,,,,False,False
2025,12,997359461993861120,MaxSchussler,13,153,9,K,Chris Boswell,PIT,11.0,,,False,False
2025,12,740683031072927744,mikedonutgang200,13,154,10,QB,Drake Maye,NE,1.0,108.8,-45.2,False,False
2025,12,863518631005401088,LaisterSmith,13,155,11,K,Chase McLaughlin,TB,6.0,,,False,False
2025,12,1004927679440805888,bogeman,13,156,12,DEF,Minnesota Vikings,MIN,,,,False,False
2025,12,1004927679440805888,bogeman,14,157,12,K,Cameron Dicker,LAC,3.0,142.7,-14.300000000000011,False,False
2025,12,863518631005401088,LaisterSmith,14,158,11,WR,Luther Burden,CHI,0.0,148.5,-9.5,False,True
2025,12,740683031072927744,mikedonutgang200,14,159,10,DEF,San Francisco 49ers,SF,,,,False,False
2025,12,997359461993861120,MaxSchussler,14,160,9,DEF,Washington Commanders,WAS,,,,False,False
2025,12,1004814445714989056,Kejjeh,14,161,8,RB,Isaac Guerendo,SF,1.0,,,False,False
2025,12,1135334629814390784,reijcage,14,162,7,RB,Bhayshul Tuten,JAX,0.0,,,False,True
2025,12,1004918448805220352,clyvejohnson,14,163,6,K,Harrison Butker,KC,8.0,,,False,False
2025,12,1134983994533257216,sallymcbride,14,164,5,RB,Tyler Allgeier,ATL,3.0,,,False,False
2025,12,1260598086711910400,chaguy2457,14,165,4,TE,Chig Okonkwo,TEN,3.0,,,False,False
2025,12,1004922637862244352,coochiemoocher22,14,166,3,K,Jake Elliott,PHI,8.0,,,False,False
2025,12,872219290496073728,glavoile,14,167,2,K,Evan McPherson,CIN,4.0,142.1,-24.900000000000006,False,False
2025,12,870541479918137344,pbrady98,14,168,1,K,Daniel Carlson,LV,7.0,,,False,False
2025,12,870541479918137344,pbrady98,15,169,1,DEF,Green Bay Packers,GB,,,,False,False
2025,12,872219290496073728,glavoile,15,170,2,DEF,Detroit Lions,DET,,,,False,False
2025,12,1004922637862244352,coochiemoocher22,15,171,3,DEF,Seattle Seahawks,SEA,,,,False,False
2025,12,1260598086711910400,chaguy2457,15,172,4,WR,Antonio Brown,,12.0,,,False,False
2025,12,1134983994533257216,sallymcbride,15,173,5,RB,Rachaad White,TB,3.0,,,False,False
2025,12,1004918448805220352,clyvejohnson,15,174,6,RB,Dylan Sampson,CLE,0.0,,,False,True
2025,12,1135334629814390784,reijcage,15,175,7,K,Cam Little,JAX,1.0,,,False,False
2025,12,1004814445714989056,Kejjeh,15,176,8,K,Wil Lutz,DEN,9.0,,,False,False
2025,12,997359461993861120,MaxSchussler,15,177,9,QB,Caleb Williams,CHI,1.0,100.0,-77.0,False,False
2025,12,740683031072927744,mikedonutgang200,15,178,10,K,Younghoe Koo,ATL,8.0,,,False,False
2025,12,863518631005401088,LaisterSmith,15,179,11,DEF,Tampa Bay Buccaneers,TB,,,,False,False
2025,12,1004927679440805888,bogeman,15,180,12,K,Matt Gay,WAS,6.0,,,False,False
2024,10,870541479918137344,pbrady98,1,1,1,RB,Christian McCaffrey,SF,7.0,1.3,0.30000000000000004,False,False
2024,10,1135334629814390784,reijcage,1,2,2,WR,CeeDee Lamb,DAL,4.0,2.6,0.6000000000000001,False,False
2024,10,1004918448805220352,clyvejohnson,1,3,3,RB,Breece Hall,NYJ,2.0,4.4,1.4000000000000004,False,False
2024,10,1004814445714989056,Kejjeh,1,4,4,WR,Tyreek Hill,MIA,8.0,3.9,-0.10000000000000009,False,False
2024,10,997359461993861120,MaxSchussler,1,5,5,RB,Bijan Robinson,ATL,1.0,2.0,-3.0,False,False
2024,10,872219290496073728,glavoile,1,6,6,WR,Justin Jefferson,MIN,4.0,8.3,2.3000000000000007,False,False
2024,10,1004927679440805888,bogeman,1,7,7,WR,Amon-Ra St. Brown,DET,3.0,6.9,-0.09999999999999964,False,False
2024,10,1004922637862244352,coochiemoocher22,1,8,8,WR,A.J. Brown,PHI,5.0,11.2,3.1999999999999993,False,False
2024,10,740683031072927744,mikedonutgang200,1,9,9,WR,Ja'Marr Chase,CIN,3.0,6.3,-2.7,False,False
2024,10,1134983994533257216,sallymcbride,1,10,10,WR,Garrett Wilson,NYJ,2.0,13.3,3.3000000000000007,False,False
2024,10,1134983994533257216,sallymcbride,2,11,10,WR,Puka Nacua,LAR,1.0,14.9,3.9000000000000004,False,False
2024,10,740683031072927744,mikedonutgang200,2,12,9,RB,Jonathan Taylor,IND,4.0,11.3,-0.6999999999999993,False,False
2024,10,1004922637862244352,coochiemoocher22,2,13,8,RB,Jahmyr Gibbs,DET,1.0,8.6,-4.4,False,False
2024,10,1004927679440805888,bogeman,2,14,7,RB,Travis Etienne,JAX,3.0,16.9,2.8999999999999986,False,False
2024,10,872219290496073728,glavoile,2,15,6,WR,Marvin Harrison,ARI,0.0,16.1,1.1000000000000014,False,True
2024,10,997359461993861120,MaxSchussler,2,16,5,WR,Drake London,ATL,2.0,25.1,9.100000000000001,False,False
2024,10,1004814445714989056,Kejjeh,2,17,4,RB,Saquon Barkley,PHI,6.0,9.5,-7.5,False,False
2024,10,1004918448805220352,clyvejohnson,2,18,3,RB,Derrick Henry,BAL,8.0,13.1,-4.9,False,False
2024,10,1135334629814390784,reijcage,2,19,2,RB,Kyren Williams,LAR,2.0,14.8,-4.199999999999999,False,False
2024,10,870541479918137344,pbrady98,2,20,1,RB,De'Von Achane,MIA,1.0,21.9,1.8999999999999986,False,False
2024,10,870541479918137344,pbrady98,3,21,1,RB,Josh Jacobs,GB,5.0,19.9,-1.1000000000000014,False,False
2024,10,1135334629814390784,reijcage,3,22,2,WR,Chris Olave,NO,2.0,25.3,3.3000000000000007,False,False
2024,10,1004918448805220352,clyvejohnson,3,23,3,WR,Deebo Samuel,SF,5.0,18.2,-4.800000000000001,False,False
2024,10,1004814445714989056,Kejjeh,3,24,4,RB,Isiah Pacheco,KC,2.0,21.0,-3.0,False,False
2024,10,997359461993861120,MaxSchussler,3,25,5,WR,Brandon Aiyuk,SF,4.0,40.5,15.5,False,False
2024,10,872219290496073728,glavoile,3,26,6,TE,Travis Kelce,KC,11.0,32.0,6.0,False,False
2024,10,1004927679440805888,bogeman,3,27,7,WR,Nico Collins,HOU,3.0,31.3,4.300000000000001,False,False
2024,10,1004922637862244352,coochiemoocher22,3,28,8,WR,Mike Evans,TB,10.0,29.1,1.1000000000000014,False,False
2024,10,740683031072927744,mikedonutgang200,3,29,9,WR,Davante Adams,LV,10.0,21.0,-8.0,False,False
2024,10,1134983994533257216,sallymcbride,3,30,10,RB,Joe Mixon,HOU,7.0,28.4,-1.6000000000000014,False,False
2024,10,1134983994533257216,sallymcbride,4,31,10,QB,Josh Allen,BUF,6.0,27.3,-3.6999999999999993,False,False
2024,10,740683031072927744,mikedonutgang200,4,32,9,QB,Patrick Mahomes,KC,7.0,36.2,4.200000000000003,False,False
2024,10,1004922637862244352,coochiemoocher22,4,33,8,RB,Rachaad White,TB,2.0,29.1,-3.8999999999999986,False,False
2024,10,1004927679440805888,bogeman,4,34,7,WR,Cooper Kupp,LAR,7.0,22.6,-11.399999999999999,False,False
2024,10,872219290496073728,glavoile,4,35,6,RB,Kenneth Walker,SEA,2.0,27.1,-7.899999999999999,False,False
2024,10,997359461993861120,MaxSchussler,4,36,5,TE,Sam LaPorta,DET,1.0,33.4,-2.6000000000000014,False,False
2024,10,1004814445714989056,Kejjeh,4,37,4,WR,Jaylen Waddle,MIA,3.0,30.9,-6.100000000000001,False,False
2024,10,1004918448805220352,clyvejohnson,4,38,3,WR,Stefon Diggs,HOU,9.0,44.2,6.200000000000003,False,False
2024,10,1135334629814390784,reijcage,4,39,2,QB,Jalen Hurts,PHI,4.0,33.9,-5.100000000000001,False,False
2024,10,870541479918137344,pbrady98,4,40,1,WR,DJ Moore,CHI,6.0,37.9,-2.1000000000000014,False,False
2024,10,870541479918137344,pbrady98,5,41,1,WR,DK Metcalf,SEA,5.0,35.5,-5.5,False,False
2024,10,1135334629814390784,reijcage,5,42,2,RB,James Cook,BUF,2.0,32.0,-10.0,False,False
2024,10,1004918448805220352,clyvejohnson,5,43,3,WR,DeVonta Smith,PHI,3.0,40.2,-2.799999999999997,False,False
2024,10,1004814445714989056,Kejjeh,5,44,4,QB,Lamar Jackson,BAL,6.0,40.6,-3.3999999999999986,False,False
2024,10,997359461993861120,MaxSchussler,5,45,5,QB,C.J. Stroud,HOU,1.0,44.2,-0.7999999999999972,False,False
2024,10,872219290496073728,glavoile,5,46,6,WR,Zay Flowers,BAL,1.0,56.9,10.899999999999999,False,False
2024,10,1004927679440805888,bogeman,5,47,7,WR,Amari Cooper,CLE,9.0,49.5,2.5,False,False
2024,10,1004922637862244352,coochiemoocher22,5,48,8,RB,Aaron Jones,MIN,7.0,42.7,-5.299999999999997,False,False
2024,10,740683031072927744,mikedonutgang200,5,49,9,TE,Mark Andrews,BAL,6.0,49.7,0.7000000000000028,False,False
2024,10,1134983994533257216,sallymcbride,5,50,10,RB,James Conner,ARI,7.0,45.0,-5.0,False,False
2024,10,1134983994533257216,sallymcbride,6,51,10,WR,Malik Nabers,NYG,0.0,52.5,1.5,False,True
2024,10,740683031072927744,mikedonutgang200,6,52,9,RB,Alvin Kamara,NO,7.0,47.4,-4.600000000000001,False,False
2024,10,1004922637862244352,coochiemoocher22,6,53,8,WR,Tee Higgins,CIN,4.0,48.5,-4.5,False,False
2024,10,1004927679440805888,bogeman,6,54,7,RB,Zamir White,LV,2.0,64.8,10.799999999999997,False,False
2024,10,872219290496073728,glavoile,6,55,6,WR,Michael Pittman,IND,4.0,46.2,-8.799999999999997,False,False
2024,10,997359461993861120,MaxSchussler,6,56,5,RB,David Montgomery,DET,5.0,51.1,-4.899999999999999,False,False
2024,10,1004814445714989056,Kejjeh,6,57,4,WR,Tank Dell,HOU,1.0,48.5,-8.5,False,False
2024,10,1004918448805220352,clyvejohnson,6,58,3,QB,Anthony Richardson,IND,1.0,64.4,6.400000000000006,False,False
2024,10,1135334629814390784,reijcage,6,59,2,WR,George Pickens,PIT,2.0,54.7,-4.299999999999997,False,False
2024,10,870541479918137344,pbrady98,6,60,1,TE,George Kittle,SF,7.0,72.4,12.400000000000006,False,False
2024,10,870541479918137344,pbrady98,7,61,1,WR,Terry McLaurin,WAS,5.0,70.6,9.599999999999994,False,False
2024,10,1135334629814390784,reijcage,7,62,2,TE,Trey McBride,ARI,2.0,58.9,-3.1000000000000014,False,False
2024,10,1004918448805220352,clyvejohnson,7,63,3,RB,Najee Harris,PIT,3.0,55.9,-7.100000000000001,False,False
2024,10,1004814445714989056,Kejjeh,7,64,4,WR,Rashee Rice,KC,1.0,64.1,0.09999999999999432,False,False
2024,10,997359461993861120,MaxSchussler,7,65,5,RB,D'Andre Swift,CHI,4.0,57.9,-7.100000000000001,False,False
2024,10,872219290496073728,glavoile,7,66,6,QB,Joe Burrow,CIN,4.0,81.0,15.0,False,False
2024,10,1004927679440805888,bogeman,7,67,7,WR,Christian Kirk,JAX,6.0,54.2,-12.799999999999997,False,False
2024,10,1004922637862244352,coochiemoocher22,7,68,8,RB,Raheem Mostert,MIA,9.0,68.0,0.0,False,False
2024,10,740683031072927744,mikedonutgang200,7,69,9,WR,Rome Odunze,CHI,0.0,133.8,64.80000000000001,False,True
2024,10,1134983994533257216,sallymcbride,7,70,10,TE,Dalton Kincaid,BUF,1.0,67.0,-3.0,False,False
2024,10,1134983994533257216,sallymcbride,8,71,10,WR,Xavier Worthy,KC,0.0,78.8,7.799999999999997,False,True
2024,10,740683031072927744,mikedonutgang200,8,72,9,WR,Keenan Allen,CHI,11.0,61.9,-10.100000000000001,False,False
2024,10,1004922637862244352,coochiemoocher22,8,73,8,TE,Evan Engram,JAX,7.0,89.3,16.299999999999997,False,False
2024,10,1004927679440805888,bogeman,8,74,7,RB,Nick Chubb,CLE,6.0,57.8,-16.200000000000003,False,False
2024,10,872219290496073728,glavoile,8,75,6,RB,Rhamondre Stevenson,NE,3.0,61.9,-13.100000000000001,False,False
2024,10,997359461993861120,MaxSchussler,8,76,5,TE,Kyle Pitts,ATL,3.0,83.3,7.299999999999997,False,False
2024,10,1004814445714989056,Kejjeh,8,77,4,WR,Calvin Ridley,TEN,6.0,74.2,-2.799999999999997,False,False
2024,10,1004918448805220352,clyvejohnson,8,78,3,WR,Jayden Reed,GB,1.0,63.1,-14.899999999999999,False,False
2024,10,1135334629814390784,reijcage,8,79,2,WR,Chris Godwin,TB,7.0,71.5,-7.5,False,False
2024,10,870541479918137344,pbrady98,8,80,1,QB,Kyler Murray,ARI,5.0,68.4,-11.599999999999994,False,False
2024,10,870541479918137344,pbrady98,9,81,1,RB,Javonte Williams,DEN,3.0,117.7,36.7,False,False
2024,10,1135334629814390784,reijcage,9,82,2,RB,Tony Pollard,TEN,5.0,75.9,-6.099999999999994,False,False
2024,10,1004918448805220352,clyvejohnson,9,83,3,TE,David Njoku,CLE,7.0,102.9,19.900000000000006,False,False
2024,10,1004814445714989056,Kejjeh,9,84,4,RB,Brian Robinson,WAS,2.0,90.2,6.200000000000003,False,False
2024,10,997359461993861120,MaxSchussler,9,85,5,WR,Diontae Johnson,CAR,5.0,105.7,20.700000000000003,False,False
2024,10,872219290496073728,glavoile,9,86,6,TE,Brock Bowers,LV,0.0,108.1,22.099999999999994,False,True
2024,10,1004927679440805888,bogeman,9,87,7,WR,Keon Coleman,BUF,0.0,81.5,-5.5,False,True
2024,10,1004922637862244352,coochiemoocher22,9,88,8,WR,Curtis Samuel,BUF,7.0,112.8,24.799999999999997,False,False
2024,10,740683031072927744,mikedonutgang200,9,89,9,RB,Zack Moss,CIN,4.0,75.3,-13.700000000000003,False,False
2024,10,1134983994533257216,sallymcbride,9,90,10,RB,Jaylen Warren,PIT,2.0,82.5,-7.5,False,False
2024,10,1134983994533257216,sallymcbride,10,91,10,WR,Jordan Addison,MIN,1.0,127.3,36.3,False,False
2024,10,740683031072927744,mikedonutgang200,10,92,9,WR,Christian Watson,GB,2.0,82.8,-9.200000000000003,False,False
2024,10,1004922637862244352,coochiemoocher22,10,93,8,QB,Dak Prescott,DAL,8.0,56.7,-36.3,False,False
2024,10,1004927679440805888,bogeman,10,94,7,QB,Caleb Williams,CHI,0.0,112.9,18.900000000000006,False,True
2024,10,872219290496073728,glavoile,10,95,6,WR,Ladd McConkey,LAC,0.0,88.5,-6.5,False,True
2024,10,997359461993861120,MaxSchussler,10,96,5,WR,Jaxon Smith-Njigba,SEA,1.0,94.7,-1.2999999999999972,False,False
2024,10,1004814445714989056,Kejjeh,10,97,4,TE,Jake Ferguson,DAL,2.0,94.3,-2.700000000000003,False,False
2024,10,1004918448805220352,clyvejohnson,10,98,3,RB,Devin Singletary,NYG,5.0,109.7,11.700000000000003,False,False
2024,10,1135334629814390784,reijcage,10,99,2,RB,Gus Edwards,LAC,6.0,86.9,-12.099999999999994,False,False
2024,10,870541479918137344,pbrady98,10,100,1,WR,Jameson Williams,DET,2.0,99.9,-0.09999999999999432,False,False
2024,10,870541479918137344,pbrady98,11,101,1,WR,Courtland Sutton,DEN,6.0,100.9,-0.09999999999999432,False,False
2024,10,1135334629814390784,reijcage,11,102,2,WR,Brian Thomas,JAX,0.0,142.9,40.900000000000006,False,True
2024,10,1004918448805220352,clyvejohnson,11,103,3,TE,Dallas Goedert,PHI,6.0,133.8,30.80000000000001,False,False
2024,10,1004814445714989056,Kejjeh,11,104,4,RB,Jerome Ford,CLE,2.0,95.9,-8.099999999999994,False,False
2024,10,997359461993861120,MaxSchussler,11,105,5,RB,Tyjae Spears,TEN,1.0,89.9,-15.099999999999994,False,False
2024,10,872219290496073728,glavoile,11,106,6,WR,DeAndre Hopkins,TEN,11.0,91.7,-14.299999999999997,False,False
2024,10,1004927679440805888,bogeman,11,107,7,RB,Rico Dowdle,DAL,4.0,114.0,7.0,False,False
2024,10,1004922637862244352,coochiemoocher22,11,108,8,TE,Dalton Schultz,HOU,6.0,143.7,35.69999999999999,False,False
2024,10,740683031072927744,mikedonutgang200,11,109,9,RB,Ezekiel Elliott,DAL,8.0,131.2,22.19999999999999,False,False
2024,10,1134983994533257216,sallymcbride,11,110,10,TE,Cole Kmet,CHI,4.0,,,False,False
2024,10,1134983994533257216,sallymcbride,12,111,10,DEF,Baltimore Ravens,BAL,,,,False,False
2024,10,740683031072927744,mikedonutgang200,12,112,9,WR,Joshua Palmer,LAC,3.0,122.5,10.5,False,False
2024,10,1004922637862244352,coochiemoocher22,12,113,8,WR,Jakobi Meyers,LV,5.0,160.4,47.400000000000006,False,False
2024,10,1004927679440805888,bogeman,12,114,7,WR,Xavier Legette,CAR,0.0,,,False,True
2024,10,872219290496073728,glavoile,12,115,6,RB,Austin Ekeler,WAS,7.0,88.7,-26.299999999999997,False,False
2024,10,997359461993861120,MaxSchussler,12,116,5,RB,Trey Benson,ARI,0.0,102.2,-13.799999999999997,False,True
2024,10,1004814445714989056,Kejjeh,12,117,4,WR,Khalil Shakir,BUF,2.0,104.7,-12.299999999999997,False,False
2024,10,1004918448805220352,clyvejohnson,12,118,3,K,Justin Tucker,BAL,12.0,137.5,19.5,False,False
2024,10,1135334629814390784,reijcage,12,119,2,RB,Chase Brown,CIN,1.0,93.3,-25.700000000000003,False,False
2024,10,870541479918137344,pbrady98,12,120,1,QB,Jordan Love,GB,4.0,78.7,-41.3,False,False
2024,10,870541479918137344,pbrady98,13,121,1,WR,Hollywood Brown,KC,5.0,78.2,-42.8,False,False
2024,10,1135334629814390784,reijcage,13,122,2,WR,Jerry Jeudy,CLE,4.0,127.7,5.700000000000003,False,False
2024,10,1004918448805220352,clyvejohnson,13,123,3,WR,Tyler Lockett,SEA,9.0,111.9,-11.099999999999994,False,False
2024,10,1004814445714989056,Kejjeh,13,124,4,TE,T.J. Hockenson,MIN,5.0,108.6,-15.400000000000006,False,False
2024,10,997359461993861120,MaxSchussler,13,125,5,WR,Romeo Doubs,GB,2.0,100.0,-25.0,False,False
2024,10,872219290496073728,glavoile,13,126,6,QB,Brock Purdy,SF,2.0,61.7,-64.3,False,False
2024,10,1004927679440805888,bogeman,13,127,7,QB,Tua Tagovailoa,MIA,4.0,89.6,-37.400000000000006,False,False
2024,10,1004922637862244352,coochiemoocher22,13,128,8,QB,Jared Goff,DET,8.0,92.3,-35.7,False,False
2024,10,740683031072927744,mikedonutgang200,13,129,9,RB,Blake Corum,LAR,0.0,105.2,-23.799999999999997,False,True
2024,10,1134983994533257216,sallymcbride,13,130,10,RB,Jonathon Brooks,CAR,0.0,82.7,-47.3,False,True
2024,10,1134983994533257216,sallymcbride,14,131,10,K,Brandon Aubrey,DAL,1.0,136.5,5.5,False,False
2024,10,740683031072927744,mikedonutgang200,14,132,9,K,Harrison Butker,KC,7.0,141.1,9.099999999999994,False,False
2024,10,1004922637862244352,coochiemoocher22,14,133,8,DEF,New York Jets,NYJ,,,,False,False
2024,10,1004927679440805888,bogeman,14,134,7,TE,Ben Sinnott,WAS,0.0,,,False,True
2024,10,872219290496073728,glavoile,14,135,6,K,Evan McPherson,CIN,3.0,153.7,18.69999999999999,False,False
2024,10,997359461993861120,MaxSchussler,14,136,5,RB,Chuba Hubbard,CAR,3.0,121.3,-14.700000000000003,False,False
2024,10,1004814445714989056,Kejjeh,14,137,4,DEF,Dallas Cowboys,DAL,,,,False,False
2024,10,1004918448805220352,clyvejohnson,14,138,3,QB,Trevor Lawrence,JAX,3.0,133.7,-4.300000000000011,False,False
2024,10,1135334629814390784,reijcage,14,139,2,DEF,San Francisco 49ers,SF,,,,False,False
2024,10,870541479918137344,pbrady98,14,140,1,DEF,Kansas City Chiefs,KC,,,,False,False
2024,10,870541479918137344,pbrady98,15,141,1,K,Younghoe Koo,ATL,7.0,155.2,14.199999999999989,False,False
2024,10,1135334629814390784,reijcage,15,142,2,K,Ka'imi Fairbairn,HOU,8.0,139.2,-2.8000000000000114,False,False
2024,10,1004918448805220352,clyvejohnson,15,143,3,DEF,Miami Dolphins,MIA,,,,False,False
2024,10,1004814445714989056,Kejjeh,15,144,4,K,Jake Moody,SF,1.0,153.8,9.800000000000011,False,False
2024,10,997359461993861120,MaxSchussler,15,145,5,WR,Adonai Mitchell,IND,0.0,158.2,13.199999999999989,False,True
2024,10,872219290496073728,glavoile,15,146,6,DEF,Cleveland Browns,CLE,,,,False,False
2024,10,1004927679440805888,bogeman,15,147,7,DEF,Pittsburgh Steelers,PIT,,,,False,False
2024,10,1004922637862244352,coochiemoocher22,15,148,8,K,Cameron Dicker,LAC,2.0,,,False,False
2024,10,740683031072927744,mikedonutgang200,15,149,9,DEF,Philadelphia Eagles,PHI,,,,False,False
2024,10,1134983994533257216,sallymcbride,15,150,10,QB,Jayden Daniels,WAS,0.0,116.7,-33.3,False,True
2023,8,1004927679440805888,bogeman,1,1,1,WR,Justin Jefferson,MIN,3.0,1.4,0.3999999999999999,False,False
2023,8,1004918448805220352,clyvejohnson,1,2,2,RB,Christian McCaffrey,SF,6.0,2.3,0.2999999999999998,False,False
2023,8,740683031072927744,mikedonutgang200,1,3,3,WR,Ja'Marr Chase,CIN,2.0,5.6,2.5999999999999996,False,False
2023,8,872219290496073728,glavoile,1,4,4,WR,Tyreek Hill,MIA,7.0,4.6,0.5999999999999996,False,False
2023,8,1004922637862244352,coochiemoocher22,1,5,5,RB,Austin Ekeler,LAC,6.0,2.5,-2.5,False,False
2023,8,870541479918137344,pbrady98,1,6,6,RB,Saquon Barkley,NYG,5.0,9.7,3.6999999999999993,False,False
2023,8,997359461993861120,MaxSchussler,1,7,7,RB,Bijan Robinson,ATL,0.0,7.4,0.40000000000000036,False,True
2023,8,1004814445714989056,Kejjeh,1,8,8,TE,Travis Kelce,KC,10.0,5.3,-2.7,False,False
2023,8,1004814445714989056,Kejjeh,2,9,8,QB,Patrick Mahomes,KC,6.0,18.4,9.399999999999999,False,False
2023,8,997359461993861120,MaxSchussler,2,10,7,RB,Nick Chubb,CLE,5.0,6.0,-4.0,False,False
2023,8,870541479918137344,pbrady98,2,11,6,WR,Garrett Wilson,NYJ,1.0,17.3,6.300000000000001,False,False
2023,8,1004922637862244352,coochiemoocher22,2,12,5,TE,Mark Andrews,BAL,5.0,32.3,20.299999999999997,False,False
2023,8,872219290496073728,glavoile,2,13,4,WR,A.J. Brown,PHI,4.0,13.6,0.5999999999999996,False,False
2023,8,740683031072927744,mikedonutgang200,2,14,3,RB,Derrick Henry,TEN,7.0,12.6,-1.4000000000000004,False,False
2023,8,1004918448805220352,clyvejohnson,2,15,2,WR,Stefon Diggs,BUF,8.0,11.1,-3.9000000000000004,False,False
2023,8,1004927679440805888,bogeman,2,16,1,WR,Amon-Ra St. Brown,DET,2.0,17.1,1.1000000000000014,False,False
2023,8,1004927679440805888,bogeman,3,17,1,RB,Josh Jacobs,LV,4.0,19.1,2.1000000000000014,False,False
2023,8,1004918448805220352,clyvejohnson,3,18,2,WR,CeeDee Lamb,DAL,3.0,15.4,-2.5999999999999996,False,False
2023,8,740683031072927744,mikedonutgang200,3,19,3,QB,Josh Allen,BUF,5.0,25.1,6.100000000000001,False,False
2023,8,872219290496073728,glavoile,3,20,4,WR,Davante Adams,LV,9.0,17.3,-2.6999999999999993,False,False
2023,8,1004922637862244352,coochiemoocher22,3,21,5,WR,Tee Higgins,CIN,3.0,28.5,7.5,False,False
2023,8,870541479918137344,pbrady98,3,22,6,WR,Chris Olave,NO,1.0,23.2,1.1999999999999993,False,False
2023,8,997359461993861120,MaxSchussler,3,23,7,WR,Cooper Kupp,LAR,6.0,8.9,-14.1,False,False
2023,8,1004814445714989056,Kejjeh,3,24,8,RB,Tony Pollard,DAL,4.0,13.5,-10.5,False,False
2023,8,1004814445714989056,Kejjeh,4,25,8,WR,Jaylen Waddle,MIA,2.0,22.8,-2.1999999999999993,False,False
2023,8,997359461993861120,MaxSchussler,4,26,7,WR,DeVonta Smith,PHI,2.0,30.1,4.100000000000001,False,False
2023,8,870541479918137344,pbrady98,4,27,6,RB,Travis Etienne,JAX,2.0,28.4,1.3999999999999986,False,False
2023,8,1004922637862244352,coochiemoocher22,4,28,5,WR,Calvin Ridley,JAX,5.0,36.1,8.100000000000001,False,False
2023,8,872219290496073728,glavoile,4,29,4,RB,Najee Harris,PIT,2.0,27.1,-1.8999999999999986,False,False
2023,8,740683031072927744,mikedonutgang200,4,30,3,WR,Deebo Samuel,SF,4.0,33.5,3.5,False,False
2023,8,1004918448805220352,clyvejohnson,4,31,2,RB,Joe Mixon,CIN,6.0,31.0,0.0,False,False
2023,8,1004927679440805888,bogeman,4,32,1,QB,Jalen Hurts,PHI,3.0,25.7,-6.300000000000001,False,False
2023,8,1004927679440805888,bogeman,5,33,1,RB,Breece Hall,NYJ,1.0,31.1,-1.8999999999999986,False,False
2023,8,1004918448805220352,clyvejohnson,5,34,2,QB,Lamar Jackson,BAL,5.0,35.9,1.8999999999999986,False,False
2023,8,740683031072927744,mikedonutgang200,5,35,3,WR,DK Metcalf,SEA,4.0,35.1,0.10000000000000142,False,False
2023,8,872219290496073728,glavoile,5,36,4,QB,Justin Fields,CHI,2.0,47.7,11.700000000000003,False,False
2023,8,1004922637862244352,coochiemoocher22,5,37,5,QB,Joe Burrow,CIN,3.0,40.9,3.8999999999999986,False,False
2023,8,870541479918137344,pbrady98,5,38,6,QB,Justin Herbert,LAC,3.0,44.9,6.899999999999999,False,False
2023,8,997359461993861120,MaxSchussler,5,39,7,RB,Rhamondre Stevenson,NE,2.0,25.5,-13.5,False,False
2023,8,1004814445714989056,Kejjeh,5,40,8,RB,Jahmyr Gibbs,DET,0.0,36.1,-3.8999999999999986,False,True
2023,8,1004814445714989056,Kejjeh,6,41,8,WR,Amari Cooper,CLE,8.0,31.2,-9.8,False,False
2023,8,997359461993861120,MaxSchussler,6,42,7,RB,Aaron Jones,GB,6.0,35.8,-6.200000000000003,False,False
2023,8,870541479918137344,pbrady98,6,43,6,RB,Kenneth Walker,SEA,1.0,39.5,-3.5,False,False
2023,8,1004922637862244352,coochiemoocher22,6,44,5,RB,Dameon Pierce,HOU,1.0,50.7,6.700000000000003,False,False
2023,8,872219290496073728,glavoile,6,45,4,RB,Jonathan Taylor,IND,3.0,24.8,-20.2,False,False
2023,8,740683031072927744,mikedonutgang200,6,46,3,RB,Cam Akers,LAR,3.0,48.6,2.6000000000000014,False,False
2023,8,1004918448805220352,clyvejohnson,6,47,2,WR,DeAndre Hopkins,TEN,10.0,52.7,5.700000000000003,False,False
2023,8,1004927679440805888,bogeman,6,48,1,WR,DJ Moore,CHI,5.0,41.7,-6.299999999999997,False,False
2023,8,1004927679440805888,bogeman,7,49,1,TE,Kyle Pitts,ATL,2.0,73.5,24.5,False,False
2023,8,1004918448805220352,clyvejohnson,7,50,2,TE,T.J. Hockenson,MIN,4.0,52.6,2.6000000000000014,False,False
2023,8,740683031072927744,mikedonutgang200,7,51,3,TE,George Kittle,SF,6.0,59.0,8.0,False,False
2023,8,872219290496073728,glavoile,7,52,4,TE,Dallas Goedert,PHI,5.0,82.4,30.400000000000006,False,False
2023,8,1004922637862244352,coochiemoocher22,7,53,5,WR,Tyler Lockett,SEA,8.0,62.7,9.700000000000003,False,False
2023,8,870541479918137344,pbrady98,7,54,6,TE,Darren Waller,NYG,8.0,70.3,16.299999999999997,False,False
2023,8,997359461993861120,MaxSchussler,7,55,7,WR,Keenan Allen,LAC,10.0,42.7,-12.299999999999997,False,False
2023,8,1004814445714989056,Kejjeh,7,56,8,RB,J.K. Dobbins,BAL,3.0,46.0,-10.0,False,False
2023,8,1004814445714989056,Kejjeh,8,57,8,WR,Drake London,ATL,1.0,56.2,-0.7999999999999972,False,False
2023,8,997359461993861120,MaxSchussler,8,58,7,TE,Evan Engram,JAX,6.0,108.9,50.900000000000006,False,False
2023,8,870541479918137344,pbrady98,8,59,6,WR,Terry McLaurin,WAS,4.0,51.6,-7.399999999999999,False,False
2023,8,1004922637862244352,coochiemoocher22,8,60,5,QB,Trevor Lawrence,JAX,2.0,56.1,-3.8999999999999986,False,False
2023,8,872219290496073728,glavoile,8,61,4,RB,Miles Sanders,CAR,4.0,45.9,-15.100000000000001,False,False
2023,8,740683031072927744,mikedonutgang200,8,62,3,RB,D'Andre Swift,PHI,3.0,69.3,7.299999999999997,False,False
2023,8,1004918448805220352,clyvejohnson,8,63,2,RB,Alexander Mattison,MIN,4.0,50.2,-12.799999999999997,False,False
2023,8,1004927679440805888,bogeman,8,64,1,WR,George Pickens,PIT,1.0,76.5,12.5,False,False
2023,8,1004927679440805888,bogeman,9,65,1,WR,Jaxon Smith-Njigba,SEA,0.0,89.5,24.5,False,True
2023,8,1004918448805220352,clyvejohnson,9,66,2,WR,Christian Watson,GB,1.0,49.1,-16.9,False,False
2023,8,740683031072927744,mikedonutgang200,9,67,3,RB,Alvin Kamara,NO,6.0,66.1,-0.9000000000000057,False,False
2023,8,872219290496073728,glavoile,9,68,4,WR,Brandon Aiyuk,SF,3.0,58.9,-9.100000000000001,False,False
2023,8,1004922637862244352,coochiemoocher22,9,69,5,WR,Jerry Jeudy,DEN,3.0,45.4,-23.6,False,False
2023,8,870541479918137344,pbrady98,9,70,6,QB,Deshaun Watson,CLE,6.0,71.3,1.2999999999999972,False,False
2023,8,997359461993861120,MaxSchussler,9,71,7,QB,Tua Tagovailoa,MIA,3.0,81.2,10.200000000000003,False,False
2023,8,1004814445714989056,Kejjeh,9,72,8,RB,James Conner,ARI,6.0,57.2,-14.799999999999997,False,False
2023,8,1004814445714989056,Kejjeh,10,73,8,WR,Chris Godwin,TB,6.0,68.1,-4.900000000000006,False,False
2023,8,997359461993861120,MaxSchussler,10,74,7,RB,Dalvin Cook,NYJ,6.0,,,False,False
2023,8,870541479918137344,pbrady98,10,75,6,RB,Isiah Pacheco,KC,1.0,59.6,-15.399999999999999,False,False
2023,8,1004922637862244352,coochiemoocher22,10,76,5,RB,Rachaad White,TB,1.0,63.2,-12.799999999999997,False,False
2023,8,872219290496073728,glavoile,10,77,4,TE,Dalton Kincaid,BUF,0.0,149.9,72.9,False,True
2023,8,740683031072927744,mikedonutgang200,10,78,3,RB,Javonte Williams,DEN,2.0,65.7,-12.299999999999997,False,False
2023,8,1004918448805220352,clyvejohnson,10,79,2,WR,Mike Williams,LAC,6.0,60.3,-18.700000000000003,False,False
2023,8,1004927679440805888,bogeman,10,80,1,WR,Christian Kirk,JAX,5.0,64.0,-16.0,False,False
2023,8,1004927679440805888,bogeman,11,81,1,WR,Quentin Johnston,LAC,0.0,95.8,14.799999999999997,False,True
2023,8,1004918448805220352,clyvejohnson,11,82,2,WR,Marquise Brown,ARI,4.0,,,False,False
2023,8,740683031072927744,mikedonutgang200,11,83,3,WR,Mike Evans,TB,9.0,66.2,-16.799999999999997,False,False
2023,8,872219290496073728,glavoile,11,84,4,QB,Aaron Rodgers,NYJ,18.0,100.9,16.900000000000006,False,False
2023,8,1004922637862244352,coochiemoocher22,11,85,5,TE,David Njoku,CLE,6.0,114.5,29.5,False,False
2023,8,870541479918137344,pbrady98,11,86,6,WR,Jordan Addison,MIN,0.0,85.4,-0.5999999999999943,False,True
2023,8,997359461993861120,MaxSchussler,11,87,7,WR,Jahan Dotson,WAS,1.0,78.8,-8.200000000000003,False,False
2023,8,1004814445714989056,Kejjeh,11,88,8,WR,Michael Pittman,IND,3.0,75.7,-12.299999999999997,False,False
2023,8,1004814445714989056,Kejjeh,12,89,8,RB,AJ Dillon,GB,3.0,85.2,-3.799999999999997,False,False
2023,8,997359461993861120,MaxSchussler,12,90,7,TE,Pat Freiermuth,PIT,2.0,98.5,8.5,False,False
2023,8,870541479918137344,pbrady98,12,91,6,WR,Kadarius Toney,KC,2.0,98.1,7.099999999999994,False,False
2023,8,1004922637862244352,coochiemoocher22,12,92,5,WR,Diontae Johnson,PIT,4.0,71.4,-20.599999999999994,False,False
2023,8,872219290496073728,glavoile,12,93,4,RB,Antonio Gibson,WAS,3.0,87.6,-5.400000000000006,False,False
2023,8,740683031072927744,mikedonutgang200,12,94,3,DEF,Philadelphia Eagles,PHI,,,,False,False
2023,8,1004918448805220352,clyvejohnson,12,95,2,RB,James Cook,BUF,1.0,71.6,-23.400000000000006,False,False
2023,8,1004927679440805888,bogeman,12,96,1,DEF,San Francisco 49ers,SF,,,,False,False
2023,8,1004927679440805888,bogeman,13,97,1,RB,Samaje Perine,DEN,6.0,93.9,-3.0999999999999943,False,False
2023,8,1004918448805220352,clyvejohnson,13,98,2,DEF,Buffalo Bills,BUF,,,,False,False
2023,8,740683031072927744,mikedonutgang200,13,99,3,WR,Treylon Burks,TEN,1.0,90.7,-8.299999999999997,False,False
2023,8,872219290496073728,glavoile,13,100,4,RB,David Montgomery,DET,4.0,62.4,-37.6,False,False
2023,8,1004922637862244352,coochiemoocher22,13,101,5,RB,Khalil Herbert,CHI,2.0,98.1,-2.9000000000000057,False,False
2023,8,870541479918137344,pbrady98,13,102,6,DEF,New York Jets,NYJ,,,,False,False
2023,8,997359461993861120,MaxSchussler,13,103,7,QB,Dak Prescott,DAL,7.0,76.6,-26.400000000000006,False,False
2023,8,1004814445714989056,Kejjeh,13,104,8,WR,Gabe Davis,BUF,3.0,83.0,-21.0,False,False
2023,8,1004814445714989056,Kejjeh,14,105,8,DEF,Dallas Cowboys,DAL,,,,False,False
2023,8,997359461993861120,MaxSchussler,14,106,7,WR,Zay Flowers,BAL,0.0,104.8,-1.2000000000000028,False,True
2023,8,870541479918137344,pbrady98,14,107,6,TE,Dalton Schultz,HOU,5.0,110.4,3.4000000000000057,False,False
2023,8,1004922637862244352,coochiemoocher22,14,108,5,DEF,Baltimore Ravens,BAL,,,,False,False
2023,8,872219290496073728,glavoile,14,109,4,K,Justin Tucker,BAL,11.0,135.5,26.5,False,False
2023,8,740683031072927744,mikedonutgang200,14,110,3,K,Younghoe Koo,ATL,6.0,146.3,36.30000000000001,False,False
2023,8,1004918448805220352,clyvejohnson,14,111,2,QB,Daniel Jones,NYG,4.0,94.1,-16.900000000000006,False,False
2023,8,1004927679440805888,bogeman,14,112,1,WR,Odell Beckham,BAL,9.0,114.5,2.5,False,False
2023,8,1004927679440805888,bogeman,15,113,1,RB,Ezekiel Elliott,NE,7.0,,,False,False
2023,8,1004918448805220352,clyvejohnson,15,114,2,K,Evan McPherson,CIN,2.0,149.7,35.69999999999999,False,False
2023,8,740683031072927744,mikedonutgang200,15,115,3,QB,Geno Smith,SEA,10.0,104.1,-10.900000000000006,False,False
2023,8,872219290496073728,glavoile,15,116,4,DEF,New Orleans Saints,NO,,,,False,False
2023,8,1004922637862244352,coochiemoocher22,15,117,5,K,Harrison Butker,KC,6.0,140.1,23.099999999999994,False,False
2023,8,870541479918137344,pbrady98,15,118,6,K,Daniel Carlson,LV,5.0,139.9,21.900000000000006,False,False
2023,8,997359461993861120,MaxSchussler,15,119,7,WR,Brandin Cooks,DAL,9.0,91.5,-27.5,False,False
2023,8,1004814445714989056,Kejjeh,15,120,8,K,Tyler Bass,BUF,3.0,141.6,21.599999999999994,False,False
