season,pos,snapshot,ranked,matched,zero_outcome,unmatched_ids
2020,QB,2020-09-03,24,24,0,[]
2020,RB,2020-09-03,72,72,3,[]
2020,TE,2020-09-03,36,36,0,[]
2020,WR,2020-09-03,96,95,1,[19912]
2021,QB,2021-09-03,24,24,0,[]
2021,RB,2021-09-03,72,72,2,[]
2021,TE,2021-09-03,36,36,0,[]
2021,WR,2021-09-03,96,96,2,[]
2022,QB,2022-09-02,24,24,0,[]
2022,RB,2022-09-02,72,72,0,[]
2022,TE,2022-09-02,36,36,0,[]
2022,WR,2022-09-02,96,96,1,[]
2023,QB,2023-09-01,24,24,1,[]
2023,RB,2023-09-01,72,72,0,[]
2023,TE,2023-09-01,36,36,1,[]
2023,WR,2023-09-01,96,96,1,[]
2024,QB,2024-08-30,24,24,0,[]
2024,RB,2024-08-30,72,72,0,[]
2024,TE,2024-08-30,36,36,0,[]
2024,WR,2024-08-30,96,96,2,[]
2025,QB,2025-08-29,24,24,0,[]
2025,RB,2025-08-29,72,72,3,[]
2025,TE,2025-08-29,36,36,0,[]
2025,WR,2025-08-29,96,96,4,[]
